step,train_loss,train_acc,dev_loss,dev_acc
0,3.239370346069336,0.08425,2.788384437561035,0.087
