step,train_loss,train_acc,dev_loss,dev_acc
0,2.9240894317626953,0.089,2.470238208770752,0.09314285714285714
100,0.8683774471282959,0.6965,0.809693455696106,0.6914285714285714
200,0.5360140800476074,0.7685,0.641991913318634,0.7665714285714286
300,0.5732041597366333,0.788,0.5761158466339111,0.7898571428571428
400,0.6280169486999512,0.806,0.5527514815330505,0.8041428571428572
